I love this sandwich,pos This
is an amazingplace,pos
I feel very good about these beers,pos
This is my best work,pos
What an awesome view,pos
I do not like this restaurant,neg
I am tired of this stuff,neg
I can't deal with this,neg
He is my sworn enemy,neg
My boss is horrible,neg
This is an awesome place,pos
I do not like the taste of this juice,neg
I love to dance,pos
I am sick and tired of this place,neg
What a great holiday,pos
That is a bad locality to stay,neg
We will have good fun tomorrow,pos
I went to my enemy's house today,neg